Well No,Well Type,District,Tahsil / Taluk,Village,Latitude,Longitude,Date of collection,TDS (mg/L),NO2+NO3 (mg/L),Ca (mg/L),Mg (mg/L),Na (mg/L),K (mg/L),Cl (mg/L),SO4 (mg/L),CO3 (mg/L),HCO3 (mg/L),F (mg/L),pH_GEN,EC_GEN (µS/cm),HAR_Total (mg/L),SAR,RSC (meq/L),Na%
HP2CTR02,Bore Well,Tiruppur,Avinashi,Sevur,"11°14'50""","77°14'30""",02-01-2017,300,12,11.2,24.786,60,5,60,37,2.483538,132.4167,0.36,8.3,500,130,2.289645,0,48.90796
HP2CTR04,Bore Well,Tiruppur,Avinashi,Thathanur,"11°18'20""","77°16'40""",02-01-2017,180,1,9.6,20.898,25,4,18,13,2.483538,132.4167,0.26,8.3,330,110,1.03713,0.05452959,32.09222
63542,Dug Well,Tiruppur,Kangeyam,Vellakoil,"10°56'40""","77°42'55""",04-01-2017,853,97,8,89.91,161,13,234,74,18,305,0.93138,8.8,1500,390,3.546679,0,46.27607
HP2ETR27,Bore Well,Tiruppur,Dharapuram,Thoorampadi,"10°51'05""","77°40'30""",04-01-2017,1280,116,14.4,76.302,345,4,234,134,18,658.8,1.47,8.8,2240,350,8.022918,4.401241,67.88406
HP2ETR29,Bore Well,Tiruppur,Dharapuram,Velampoondi,"10°48'40""","77°53'00""",04-01-2017,1280,113,16,109.35,290,11,284,172,0,549,0.74,8,2280,490,5.699535,0,55.5885
63523,Dug Well,Tiruppur,Dharapuram,Kilankudal,"10°45'22""","77°43'36""",04-01-2017,1283,228,12.8,77.274,322,14,305,127,12,353.8,0.91,8.7,2100,350,7.487984,0,65.56674
63536,Dug Well,Tiruppur,Dharapuram,Erasinampalayam,"10°50'36""","77°44'33""",04-01-2017,1170,219,22.4,132.192,184,14,277,100,6,402.6,1.55,8.5,2000,600,3.268029,0,39.31546
63501,Dug Well,Tiruppur,Dharapuram,Munduvelampatty,"10°42'30""","77°19'40""",05-01-2017,1206,341,17.6,96.228,230,24,326,63,0,195.2,1.18,8,1900,440,4.770322,0,51.52948
63505,Dug Well,Tiruppur,Dharapuram,Dalavaypattinam,"10°40'25""","77°29'00""",05-01-2017,380,46,11.2,38.151,69,6,53,59,5.403651,144.3973,0.61,8.6,640,185,2.207132,0,43.79535
63517,Dug Well,Tiruppur,Dharapuram,Kulathupalayam,"10°45'35""","77°35'00""",05-01-2017,669,43,8,34.02,184,13,156,70,12,286.7,0.23,8.6,1120,160,6.328681,1.900718,69.38665
63533,Dug Well,Tiruppur,Dharapuram,Sinukinari,"10°50'20""","77°33'05""",05-01-2017,947,234,12.8,99.144,147,21,213,72,12,256.2,1.13,8.7,1580,440,3.048788,0,40.65358
HP2ETR22,Bore Well,Tiruppur,Dharapuram,Periakumarapalayam,"10°46'25""","77°18'55""",05-01-2017,2182,273,67.2,182.736,437,4,851,144,0,366,1.21,7.7,3750,920,6.268507,0,50.68743
HP2ETR25,Bore Well,Tiruppur,Dharapuram,Thoppampatti,"10°51'25""","77°27'10""",05-01-2017,1008,175,30.4,90.882,170,7,312,144,0,122,0.66,8.2,1620,450,3.486697,0,44.62849
63510,Dug Well,Tiruppur,Dharapuram,Periyakumarapalayam,"10°46'25""","77°18'52""",05-01-2017,1829,155,92.8,165.969,299,4,780,168,0,219.6,0.59,8.2,3140,915,4.300939,0,41.42431
63532,Dug Well,Tiruppur,Dharapuram,Uthiyur,"10°53'40""","77°31'40""",06-01-2017,935,159,22.4,98.172,138,29,269,84,12,219.6,0.71,8.6,1540,460,2.799332,0,37.65645
HP2ETR21,Bore Well,Tiruppur,Dharapuram,Uthiyur,"10°53'10""","77°31'20""",06-01-2017,853,37,29.6,103.518,115,27,206,67,0,500.2,0.59,7.7,1500,500,2.23757,0,31.88518
63540,Dug Well,Tiruppur,Dharapuram,Kadaiyur,"10°59'13""","77°31'04""",06-01-2017,2752,316,140.8,181.764,552,22,1205,68,0,366,0.06,8.2,4600,1100,7.242187,0,51.57269
HP2CTR19,Bore Well,Tiruppur,Tiruppur,Veerapandi,"11°04'45""","77°21'00""",07-01-2017,280,15,12,20.655,55,6,50,35,3.748187,126.0937,0.36,8.5,450,115,2.231614,0,49.38478
HP2CTR20,Bore Well,Tiruppur,Tiruppur,Neruperichal,"11°09'00""","77°23'15""",07-01-2017,595,143,15.2,75.816,60,16,121,57,0,195.2,0.58,8.2,990,350,1.395297,0,26.05592
63801,Dug Well,Tiruppur,Udumalaipettai,Ramachandrapuram,"10°43'30""","77°10'35""",18-01-2017,2764,250,174.4,331.452,276,9,1347,230,0,85.4,0.05,7.9,4600,1800,2.830553,0,24.90041
63820A,Dug Well,Tiruppur,Madathukulam,Thungavi,"10°37'34""","77°19'46""",18-01-2017,160,20,8,13.365,28,4,35,16,0.4651575,49.48484,0.06,8,260,75,1.406808,0,43.2005
HP1CTR13,Bore Well,Tiruppur,Udumalaipettai,Gudimangalam,"10°41'15""","77°17'05""",18-01-2017,1166,162,22.4,93.312,230,35,369,1113,6,244,0.33,8.3,1950,440,4.770432,0,50.79448
63804A,Dug Well,Tiruppur,Udumapettai,Gudimangalam,"10°41'43""","77°16'54""",18-01-2017,1195,143,27.2,92.826,253,32,383,101,0,292.8,0.28,7.8,2000,450,5.188947,0,52.85934
63806,Dug Well,Tiruppur,Gudimangalam,Kongalnagaram,"10°40'42""","77°12'09""",18-01-2017,337,45,20,27.945,46,14,57,32,1.980542,132.9402,0.27,8.2,550,165,1.558248,0,35.37268
63817A,Dug Well,Tiruppur,Madathukulam,Komaralingam,"10°29'19""","77°21'20""",18-01-2017,269,2,12,23.085,30,39,18,22,3.496098,186.4041,0.06,8.3,470,125,1.167519,0.6734703,27.18097
63818A,Dug Well,Tiruppur,Madathukulam,Neelammbur,"10°32'02""","77°21'35""",18-01-2017,186,4,12,21.87,23,3,50,25,1.496462,63.37794,0.22,8.4,330,120,0.913563,0,28.78424
HP2CTR21(A),Bore Well,Tiruppur,Palladam,Pongalur,"10°58'21""","77°21'53""",18-01-2017,1037,115,65.6,103.518,138,2,291,124,0,317.2,0.27,8,1740,590,2.472092,0,33.63619
63811,Dug Well,Tiruppur,Udumalaipettai,Udumalpet,"10°34'25""","77°14'25""",19-01-2017,431,30,10.4,39.852,92,7,67,47,2.094839,222.8552,0.72,8,760,190,2.903827,0,50.1529
HP2CTR12,Bore Well,Tiruppur,Palladam,Samalapuram,"11°14'00""","77°12'00""",19-01-2017,1821,2,44.8,201.204,345,3,893,116,0,378.2,0.06,7.7,3360,940,4.895628,0,44.29913
63811,Dug Well,Tiruppur,Udumalaipettai,Udumalpet,"10°34'25""","77°14'25""",04-07-2017,385,1,16,19.44,95,5,71,48,2.64111,177.2796,0.96,8.2,680,120,3.773679,0.5957259,62.06186
63517,Dug Well,Tiruppur,Dharapuram,Kulathupalayam,"10°45'35""","77°35'00""",05-07-2017,1227,19,128,60.75,228,43,374,7,0,610,0.86,7.7,2250,570,4.15636,0,44.26625
63542,Dug Well,Tiruppur,Kangeyam,Vellakoil,"10°56'40""","77°42'55""",05-07-2017,940,20,28,94.77,185,21,298,58,0,335.5,1.31,7.6,1790,460,3.752824,0,45.25925
HP2ETR12,Bore Well,Tiruppur,Kangeyam,Rasathavalasu,"11°02'15""","77°42'50""",05-07-2017,1029,24,56,111.78,112,13,298,126,0,408.7,1.29,8.1,1730,600,1.989471,0,28.3289
HP2ETR27,Bore Well,Tiruppur,Dharapuram,Thoorampadi,"10°51'05""","77°40'30""",05-07-2017,1421,39,72,24.3,449,10,248,151,0,585.6,1.85,7.9,2550,280,11.6792,4.005979,76.95518
63536,Dug Well,Tiruppur,Dharapuram,Erasinampalayam,"10°50'36""","77°44'33""",05-07-2017,1096,17,60,85.05,143,17,199,89,0,854,1.85,7.7,1670,500,2.782728,4.005293,37.36314
63501,Dug Well,Tiruppur,Dharapuram,Munduvelampatty,"10°42'30""","77°19'40""",06-07-2017,1485,105,68,121.5,207,27,319,72,0,408.7,1.49,7.4,2310,670,3.47965,0,39.00187
63505,Dug Well,Tiruppur,Dharapuram,Dalavaypattinam,"10°40'25""","77°29'00""",06-07-2017,420,2,38,42.525,44,15,82,60,1.008032,213.9669,1.12,7.7,770,270,1.165224,0,24.87766
63533,Dug Well,Tiruppur,Dharapuram,Sinukinari,"10°50'20""","77°33'05""",06-07-2017,1015,32,60,128.79,102,16,227,93,0,494.1,1.41,8,1860,680,1.701909,0,24.06294
HP2ETR22,Bore Well,Tiruppur,Dharapuram,Periakumarapalayam,"10°46'25""","77°18'55""",06-07-2017,2962,0.5,96,145.8,771,11,1007,593,0,671,1.15,8.1,5100,840,11.57522,0,66.26953
HP2ETR25,Bore Well,Tiruppur,Dharapuram,Thoppampatti,"10°51'25""","77°27'10""",06-07-2017,2749,41,280,213.84,247,20,780,823,0,408.7,0.87,7.4,4300,1580,2.704211,0,25.08776
HP2ETR29,Bore Well,Tiruppur,Dharapuram,Velampoondi,"10°48'40""","77°53'00""",06-07-2017,1578,15,72,106.92,304,43,355,389,0,488,1.25,7.5,2680,620,5.312438,0,49.49859
63510,Dug Well,Tiruppur,Dharapuram,Periyakumarapalayam,"10°46'25""","77°18'52""",06-07-2017,2207,91,200,199.26,199,9,596,348,0,549,0.68,7.7,3540,1320,2.383498,0,24.54641
63523,Dug Well,Tiruppur,Dharapuram,Kilankudal,"10°45'22""","77°43'36""",06-07-2017,1222,36,52,89.91,304,43,326,136,0,219.6,1.5,7.9,2440,500,5.915528,0,54.37955
HP1CTR05(A),Bore Well,Tiruppur,Palladam,Vengitapuram,"10°57'22""","77°15'34""",06-07-2017,3483,12,176,252.72,810,13,1886,79,0,427,0.99,8.1,6550,1480,9.161632,0,54.08437
63532,Dug Well,Tiruppur,Dharapuram,Uthiyur,"10°53'40""","77°31'40""",07-07-2017,1496,41,16.4,70.227,348,34,340,96,0,762.5,0.87,7.5,2300,330,8.334458,5.901105,66.96666
HP2ETR10,Bore Well,Tiruppur,Kangeyam,Keeranur,"11°04'40""","77°33'00""",07-07-2017,600,20,42,80.19,42,9,67,44,0,457.5,0.91,7,1080,435,0.8761991,0,16.99163
HP2ETR21,Bore Well,Tiruppur,Dharapuram,Uthiyur,"10°53'10""","77°31'20""",07-07-2017,1276,13,92,132.435,233,34,454,116,0,311.1,0.86,7.2,2700,775,3.641863,0,38.2543
63801,Dug Well,Tiruppur,Udumalaipettai,Ramachandrapuram,"10°43'30""","77°10'35""",17-07-2017,577,0.5,22,36.45,144,20,92,96,0,329.4,0.43,8.2,1090,205,4.376164,1.301995,57.61013
63820A,Dug Well,Tiruppur,Madathukulam,Thungavi,"10°37'34""","77°19'46""",17-07-2017,252,10,32,12.15,30,7,50,22,1.051859,88.88519,0.3,8.1,410,130,1.14521,0,31.97783
HP1CTR13,Bore Well,Tiruppur,Udumalaipettai,Gudimangalam,"10°41'15""","77°17'05""",17-07-2017,90,1,6,13.365,6,2,21,8,0.7328016,49.18795,0.1,8.2,170,70,0.3120257,0,15.25032
63806,Dug Well,Tiruppur,Gudimangalam,Kongalnagaram,"10°40'42""","77°12'09""",17-07-2017,234,1,20,29.16,8,23,32,23,1.75359,148.1835,0.3,8.1,440,170,0.2669826,0,8.029358
63817A,Dug Well,Tiruppur,Madathukulam,Komaralingam,"10°29'19""","77°21'20""",17-07-2017,84,1,10,6.075,10,1,11,12,0.7328016,49.18795,0.1,8.2,150,50,0.6154718,0,29.80303
63818A,Dug Well,Tiruppur,Madathukulam,Neelammbur,"10°32'02""","77°21'35""",17-07-2017,92,1,10,8.505,2,12,7,8,0.7594717,64.17758,1.6,8.1,160,60,0.1123613,0,5.461698
63542,Dug Well,Tiruppur,Kangeyam,Vellakoil,"10°56'40""","77°42'55""",03-01-2018,679,3,70,42.525,115,20,170,66,0,366,0.77,7.8,1270,350,2.675205,0,39.99729
HP2CTR12,Bore Well,Tiruppur,Palladam,Samalapuram,"11°14'00""","77°12'00""",03-01-2018,89,1,20,4.86,5,2,21,8,0.3720329,39.57797,0.31,8,160,70,0.2601315,0,13.0493
HP2ETR12,Bore Well,Tiruppur,Kangeyam,Rasathavalasu,"11°02'15""","77°42'50""",03-01-2018,917,21,108,68.04,60,84,191,99,0,427,1.55,7.4,1540,550,1.113422,0,16.57377
HP2ETR27,Bore Well,Tiruppur,Dharapuram,Thoorampadi,"10°51'05""","77°40'30""",03-01-2018,240,3,22,21.87,32,5,28,27,1.396404,148.5536,0.48,8,430,145,1.156418,0,31.51035
HP2ETR29,Bore Well,Tiruppur,Dharapuram,Velampoondi,"10°48'40""","77°53'00""",03-01-2018,665,12,40,60.75,92,32,106,108,18,305,1.19,8.5,1150,350,2.139776,0,33.86913
63536,Dug Well,Tiruppur,Dharapuram,Erasinampalayam,"10°50'36""","77°44'33""",03-01-2018,634,6,38,51.03,124,24,99,57,0,427,1.84,8.1,1150,305,3.089553,0.9035494,44.56471
63501,Dug Well,Tiruppur,Dharapuram,Munduvelampatty,"10°42'30""","77°19'40""",04-01-2018,1440,65,60,150.66,161,92,362,82,0,488,1.53,7.2,2400,770,2.52442,0,28.29777
63505,Dug Well,Tiruppur,Dharapuram,Dalavaypattinam,"10°40'25""","77°29'00""",04-01-2018,527,9,38,44.955,74,25,60,63,0,366,1.5,8.1,940,280,1.924362,0.4035774,34.04764
63517,Dug Well,Tiruppur,Dharapuram,Kulathupalayam,"10°45'35""","77°35'00""",04-01-2018,855,22,48,55.89,184,21,160,67,0,439.2,0.59,7.2,1520,350,4.279758,0.2045538,51.51894
63533,Dug Well,Tiruppur,Dharapuram,Sinukinari,"10°50'20""","77°33'05""",04-01-2018,952,35,96,87.48,92,23,184,107,0,414.8,1.66,7.8,1610,600,1.634439,0,24.13695
HP2ETR22,Bore Well,Tiruppur,Dharapuram,Periakumarapalayam,"10°46'25""","77°18'55""",04-01-2018,2559,67,288,184.68,299,92,822,209,0,732,0.56,7.7,4390,1480,3.382428,0,28.94778
63510,Dug Well,Tiruppur,Dharapuram,Periyakumarapalayam,"10°46'25""","77°18'52""",04-01-2018,1857,51,136,218.7,184,16,695,168,18,390.4,0.47,8.6,3390,1240,2.273616,0,24.10985
63523,Dug Well,Tiruppur,Dharapuram,Kilankudal,"10°45'22""","77°43'36""",04-01-2018,1222,36,32,99.63,198,94,291,111,0,475.8,1.3,7.7,2080,490,3.891675,0,41.38247
HP1CTR05(A),Bore Well,Tiruppur,Palladam,Vengitapuram,"10°57'22""","77°15'34""",04-01-2018,1382,11,40,19.44,460,5,702,35,18,109.8,1.48,8.8,2320,180,14.92228,0,84.30953
63532,Dug Well,Tiruppur,Dharapuram,Uthiyur,"10°53'40""","77°31'40""",05-01-2018,3132,53,504,179.82,276,68,1347,197,0,597.8,0.14,7.9,5500,2000,2.686179,0,22.35891
HP2ETR21,Bore Well,Tiruppur,Dharapuram,Uthiyur,"10°53'10""","77°31'20""",05-01-2018,1130,19,116,94.77,78,100,404,100,0,305,0.78,7.7,1950,680,1.301686,0,17.3653
63540,Dug Well,Tiruppur,Dharapuram,Kadaiyur,"10°59'13""","77°31'04""",05-01-2018,1470,36,168,55.89,290,7,567,45,0,353.8,0.57,7.7,2430,650,4.950946,0,48.93727
HP2ETR11,Bore Well,Tiruppur,Kangeyam,Kanjeerapalayam,"11°02'45""","77°36'15""",08-01-2018,268,10,36,14.58,32,7,60,30,0.6514068,69.29859,0.26,8,440,150,1.137193,0,30.47583
63801,Dug Well,Tiruppur,Udumalaipettai,Ramachandrapuram,"10°43'30""","77°10'35""",08-01-2018,418,4,20,15.795,106,16,92,53,2.347524,157.5732,0.44,8.2,690,115,4.301561,0.3632436,63.00718
63820A,Dug Well,Tiruppur,Madathukulam,Thungavi,"10°37'34""","77°19'46""",08-01-2018,766,18,24,44.955,147,65,191,61,30,244,0.6,9,1290,245,4.086333,0.1025122,49.36195
HP1CTR13,Bore Well,Tiruppur,Udumalaipettai,Gudimangalam,"10°41'15""","77°17'05""",08-01-2018,82,2,16,2.43,7,2,18,13,0.7171186,24.12477,0.08,8.5,120,50,0.4309397,0,22.48636
63806,Dug Well,Tiruppur,Gudimangalam,Kongalnagaram,"10°40'42""","77°12'09""",08-01-2018,34,1,6,2.43,2,1,7,4,0.2190262,14.70173,0.08,8.2,60,25,0.1740965,0,14.21578
63817A,Dug Well,Tiruppur,Madathukulam,Komaralingam,"10°29'19""","77°21'20""",08-01-2018,68,1,16,2.43,5,2,14,8,0.6891147,29.18529,0.08,8.4,110,50,0.3078141,0,17.16445
63818A,Dug Well,Tiruppur,Madathukulam,Neelammbur,"10°32'02""","77°21'35""",08-01-2018,363,11,30,8.505,76,16,113,25,3.901587,65.78294,0.31,8.8,580,110,3.154113,0,55.91654
HP2CTR21(A),Bore Well,Tiruppur,Palladam,Pongalur,"10°58'21""","77°21'53""",08-01-2018,936,17,80,65.61,161,6,355,76,0,237.9,0.44,8.1,1650,470,3.231787,0,42.32029
HP2CTR02,Bore Well,Tiruppur,Avinashi,Sevur,"11°14'50""","77°14'30""",09-01-2018,135,0.6,12,8.505,3,38,21,14,0.8795946,59.04116,0.78,8.2,200,65,0.1619361,0,5.434658
HP2CTR04,Bore Well,Tiruppur,Avinashi,Thathanur,"11°18'20""","77°16'40""",09-01-2018,508,1,20,44.955,92,29,121,59,12,256.2,1.11,8.6,900,235,2.611208,0,42.38792
HP2CTR19,Bore Well,Tiruppur,Tiruppur,Veerapandi,"11°04'45""","77°21'00""",11-01-2018,101,0.6,8,12.15,13,1,11,12,4.835937,64.7669,0.06,8.9,190,70,0.6760966,0,28.41434
HP2CTR20,Bore Well,Tiruppur,Tiruppur,Neruperichal,"11°09'00""","77°23'15""",11-01-2018,54,1,4,3.645,10,1,7,7,0.09313215,24.88696,0.16,7.6,90,25,0.8703349,0,45.30471
63811,Dug Well,Tiruppur,Udumalaipettai,Udumalpet,"10°34'25""","77°14'25""",18-01-2018,306,1,16,41.31,37,4,71,33,2.347524,157.5732,0.57,8.2,560,210,1.110891,0,27.23428
HP2ETR12,Bore Well,Tiruppur,Kangeyam,Rasathavalasu,"11°02'15""","77°42'50""",02-07-2018,104,24,38,55.89,113,11,135,64,3.6802,196.22,1,8.3,643,325,2.72743,0,42.03914
63501,Dug Well,Tiruppur,Dharapuram,Munduvelampatty,"10°42'30""","77°19'40""",02-07-2018,1498,58,48,116.64,299,30,369,98,0,561.2,1.67,8.1,2470,600,5.311027,0,50.47542
63505,Dug Well,Tiruppur,Dharapuram,Dalavaypattinam,"10°40'25""","77°29'00""",02-07-2018,542,6,6,37.665,131,19,85,83,0,305,1.37,8.2,950,170,4.371079,1.600551,59.46178
63517,Dug Well,Tiruppur,Dharapuram,Kulathupalayam,"10°45'35""","77°35'00""",02-07-2018,953,29,40,38.88,177,104,213,77,0,353.8,0.57,7.9,1550,260,4.776803,0.6036903,49.49711
63532,Dug Well,Tiruppur,Dharapuram,Uthiyur,"10°53'40""","77°31'40""",02-07-2018,2809,58,304,204.12,340,90,1134,173,12,585.6,0.43,8.5,4920,1600,3.699158,0,30.14581
63533,Dug Well,Tiruppur,Dharapuram,Sinukinari,"10°50'20""","77°33'05""",02-07-2018,963,17,44,58.32,196,27,355,116,12,158.6,1.66,8.3,1590,350,4.558763,0,52.59119
63542,Dug Well,Tiruppur,Kangeyam,Vellakoil,"10°56'40""","77°42'55""",02-07-2018,667,10,44,1.215,198,11,163,55,0,305,1.09,8.1,1110,115,8.038542,2.703537,76.96848
63801,Dug Well,Tiruppur,Udumalaipettai,Ramachandrapuram,"10°43'30""","77°10'35""",02-07-2018,99,1,4,14.58,12,2,7,9,1.378927,73.52131,0.11,8.3,170,70,0.6240138,0,26.46242
63811,Dug Well,Tiruppur,Udumalaipettai,Udumalpet,"10°34'25""","77°14'25""",02-07-2018,433,5,14,20.655,120,6,82,21,2.806185,237.1309,0.21,8.1,760,120,4.766584,1.582098,67.16482
63820A,Dug Well,Tiruppur,Madathukulam,Thungavi,"10°37'34""","77°19'46""",02-07-2018,1028,15,12,111.78,189,15,262,179,12,366,1.42,8.3,1880,490,3.71446,0,44.67553
HP2CTR02,Bore Well,Tiruppur,Avinashi,Sevur,"11°14'50""","77°14'30""",02-07-2018,293,7,36,15.795,46,5,16,20,1.396404,148.5536,0.77,8,510,155,1.608106,0,38.29384
HP2CTR04,Bore Well,Tiruppur,Avinashi,Thathanur,"11°18'20""","77°16'40""",02-07-2018,526,16,40,34.02,90,16,99,49,12,231.8,1.41,8.6,910,240,2.52813,0,42.92693
HP2CTR12,Bore Well,Tiruppur,Palladam,Samalapuram,"11°14'00""","77°12'00""",02-07-2018,73,10,8,7.29,9,1,7,9,1.438802,48.40308,0.31,8.5,140,50,0.5538778,0,27.64338
HP2CTR19,Bore Well,Tiruppur,Tiruppur,Veerapandi,"11°04'45""","77°21'00""",02-07-2018,355,6,20,20.655,78,9,53,31,2.787903,187.1329,0.7,8.2,610,135,2.92128,0.4625257,53.6773
HP2CTR20,Bore Well,Tiruppur,Tiruppur,Neruperichal,"11°09'00""","77°23'15""",02-07-2018,1204,11,20,60.75,338,13,454,118,0,305,1.04,8.1,2350,300,8.490373,0,69.90468
HP2ETR21,Bore Well,Tiruppur,Dharapuram,Uthiyur,"10°53'10""","77°31'20""",02-07-2018,1170,34,56,85.05,230,14,355,106,18,305,0.48,8.7,2040,490,4.521101,0,49.63562
HP2ETR22,Bore Well,Tiruppur,Dharapuram,Periakumarapalayam,"10°46'25""","77°18'55""",02-07-2018,2836,81,256,199.26,338,158,1149,223,0,305,0.74,7.8,4750,1460,3.849557,0,30.68346
HP2ETR27,Bore Well,Tiruppur,Dharapuram,Thoorampadi,"10°51'05""","77°40'30""",02-07-2018,489,6,8,23.085,147,4,57,50,12.81143,271.938,1.92,8.7,880,115,5.964057,2.585612,72.69954
HP2ETR29,Bore Well,Tiruppur,Dharapuram,Velampoondi,"10°48'40""","77°53'00""",02-07-2018,937,13,48,51.03,191,45,213,148,18,329.4,1.2,8.5,1560,330,4.575299,0,51.75196
63510,Dug Well,Tiruppur,Dharapuram,Periyakumarapalayam,"10°46'25""","77°18'52""",02-07-2018,1909,71,112,320.76,69,10,666,207,0,420.9,0.41,8.2,3480,1600,0.750521,0,8.516578
63523,Dug Well,Tiruppur,Dharapuram,Kilankudal,"10°45'22""","77°43'36""",02-07-2018,1608,62,64,94.77,304,80,440,139,18,390.4,1.47,8.3,2630,550,5.640383,0,50.35185
63536,Dug Well,Tiruppur,Dharapuram,Erasinampalayam,"10°50'36""","77°44'33""",02-07-2018,861,17,32,70.47,175,17,184,79,12,433.1,1.97,8.4,1520,370,3.958458,0.1032964,49.29253
63540,Dug Well,Tiruppur,Dharapuram,Kadaiyur,"10°59'13""","77°31'04""",02-07-2018,2890,73,320,233.28,363,8,1503,46,0,183,0.54,7.8,4950,1760,3.765536,0,30.86324
63804A,Dug Well,Tiruppur,Udumapettai,Gudimangalam,"10°41'43""","77°16'54""",02-07-2018,69,1,8,7.29,7,2,7,4,1.438802,48.40308,0.18,8.5,120,50,0.4307938,0,22.47514
63806,Dug Well,Tiruppur,Gudimangalam,Kongalnagaram,"10°40'42""","77°12'09""",02-07-2018,309,8,12,32.805,53,4,74,10,1.349841,143.6002,0.51,8,550,165,1.795189,0,40.40268
63817A,Dug Well,Tiruppur,Madathukulam,Komaralingam,"10°29'19""","77°21'20""",02-07-2018,166,1,24,23.085,3,3,25,14,1.344247,113.5928,0.34,8.1,310,155,0.1048593,0,3.948871
63818A,Dug Well,Tiruppur,Madathukulam,Neelammbur,"10°32'02""","77°21'35""",02-07-2018,603,10,28,26.73,145,20,142,49,0,292.8,0.46,7.8,1020,180,4.703099,1.202478,60.55497
HP2CTR21(A),Bore Well,Tiruppur,Palladam,Pongalur,"10°58'21""","77°21'53""",02-07-2018,937,14,40,58.32,212,8,262,155,0,280.6,0.53,8.1,1610,340,5.002809,0,56.84793
HP2CTR19,Bore Well,Tiruppur,Tiruppur,Veerapandi,"11°04'45""","77°21'00""",02-01-2019,1056,174,28,72.9,209,37,284,101,0,298.9,1.25,8.1,1710,370,4.727422,0,52.14687
HP2CTR20,Bore Well,Tiruppur,Tiruppur,Neruperichal,"11°09'00""","77°23'15""",02-01-2019,1682,211,52,114.21,366,36,766,54,6,152.5,0.96,8.4,2870,600,6.501215,0,55.21296
HP2CTR21(A),Bore Well,Tiruppur,Palladam,Pongalur,"10°58'32""","77°32'37""",02-01-2019,810,77,64,36.45,170,5,241,119,0,195.2,1.16,8.2,1350,310,4.202107,0,53.91296
HP2ETR27,Bore Well,Tiruppur,Dharapuram,Thoorampadi,"10°51'05""","77°40'30""",02-01-2019,487,31,8,17.01,129,34,64,51,7.212265,242.6296,2,8.5,820,90,5.916428,2.418469,67.77005
HP2ETR29,Bore Well,Tiruppur,Dharapuram,Velampoondi,"10°48'40""","77°52'15""",02-01-2019,302,11,30,18.225,51,8,43,49,2.200731,147.72,1.2,8.2,510,150,1.812248,0,40.93068
63344,Bore Well,Tiruppur,Tiruppur,Muthaiankinaru,"11°12'15""","77°20'95""",02-01-2019,173,22,18,10.935,23,7,21,22,1.173181,78.74757,0.35,8.2,250,90,1.055115,0,33.59913
63347,Dug Well,Tiruppur,Tiruppur,Nallur,"11°06'00""","77°23'30""",02-01-2019,1062,167,20,63.18,253,29,340,37,0,305,1.16,8.2,1790,310,6.251848,0,61.33028
63355,Dug Well,Tiruppur,Tiruppur,Kandiyankoil,"11°00'50""","77°28'10""",02-01-2019,1695,211,60,106.92,377,4,674,216,0,91.5,0.97,7.9,2800,590,6.753334,0,57.95905
63357,Dug Well,Tiruppur,Tiruppur,Neruperichal,"11°09'00""","77°14'15""",02-01-2019,1030,180,20,68.04,253,4,319,24,0,323.3,1.3,8.2,1750,330,6.059387,0,62.15993
63360,Bore Well,Tiruppur,Tiruppur,Abisekapuram,"11°16'01""","77°21'53""",02-01-2019,1143,163,20,40.095,301,38,305,154,0,244,1.23,8.2,1780,215,8.931865,0,71.3032
63421,Dug Well,Tiruppur,Palladam,Karanampettai,"11°01'06""","77°11'00""",02-01-2019,541,105,14,49.815,94,8,170,51,0,97.6,1.14,8.1,890,240,2.639887,0,44.97497
63424,Dug Well,Tiruppur,Palladam,Anuppatti,"10°58'05""","77°13'46""",02-01-2019,243,43,10,30.375,30,4,21,25,1.907145,128.0136,0.57,8.2,410,150,1.065728,0,29.61858
63430,Dug Well,Tiruppur,Palladam,Chinnakarai,"11°03'26""","77°18'34""",02-01-2019,687,161,56,97.2,23,7,213,72,0,115.9,0.64,7.9,1200,540,0.4306611,0,8.356164
63431,Dug Well,Tiruppur,Palladam,Kethanur,"10°54'54""","77°15'49""",02-01-2019,1147,211,24,55.89,262,47,284,132,6,250.1,1.4,8.4,1810,290,6.694032,0,61.95277
63433,Dug Well,Tiruppur,Palladam,Naranapuram,"11°01'31""","77°17'24""",02-01-2019,1300,236,100,53.46,255,22,468,110,0,109.8,0.9,7.8,2080,470,5.11913,0,52.70759
63523,Dug Well,Tiruppur,Dharapuram,Kilankundal,"10°45'05""","77°43'35""",02-01-2019,1303,264,40,97.2,216,70,390,119,0,213.5,1.3,8.2,2130,500,4.202926,0,44.35929
63536,Dug Well,Tiruppur,Dharapuram,Erichinampalayam,"10°50'40""","77°44'30""",02-01-2019,679,63,16,75.33,101,34,128,82,6,347.7,2.1,8.4,1210,350,2.348761,0,35.83385
63542,Dug Well,Tiruppur,Kangayam,Vellakoil,"10°56'40""","77°42'55""",02-01-2019,268,14,14,20.655,53,2,50,47,1.285769,108.6513,0.88,8.1,460,120,2.105241,0,48.48464
53260,Dug Well,Tiruppur,Avinasi,Raddipalayam,"11°10'26""","77°27'39""",03-01-2019,1442,231,40,72.9,343,31,440,131,12,280.6,0.14,8.5,2360,400,7.462175,0,62.93222
53261,Dug Well,Tiruppur,Avinasi,Sakarperiyapalayam,"11°07'45""","77°24'18""",03-01-2019,2495,329,152,116.64,492,104,1035,159,0,213.5,0.07,8,4110,860,7.301089,0,51.8878
53271,Dug Well,Tiruppur,Avinasi,Thalapathi,"11°11'59""","77°26'20""",03-01-2019,768,169,76,97.2,35,4,149,104,18,231.8,1.71,8.7,1330,590,0.6270033,0,11.34786
HP2ETR22,Bore Well,Tiruppur,Dharapuram,Periakumarapalayam,"10°46'25""","77°18'55""",03-01-2019,2760,558,224,262.44,242,108,1134,206,0,48.8,0.9,7.9,4590,1640,2.600329,0,22.8522
HP2ETR24 A,Bore Well,Tiruppur,Dharapuram,Kallivalasu,"10°37'58""","77°25'54""",03-01-2019,607,37,40,77.76,53,6,113,173,0,213.5,1.7,8.2,1150,420,1.125248,0,21.24037
HP2ETR25 A,Bore Well,Tiruppur,Dharapuram,Thoppampatti,"10°46'52""","77°27'47""",03-01-2019,1779,248,184,106.92,265,95,454,233,0,524.6,1.5,8.2,2950,900,3.844341,0,36.09205
MWSETR13,Bore Well,Tiruppur,Dharapuram,Sankarandampalayam,"10°48'55""","77°36'24""",03-01-2019,1295,98,56,116.64,225,43,418,88,12,475.8,2.1,8.4,2280,620,3.931688,0,42.04114
MWSETR15,Bore Well,Tiruppur,Dharapuram,Kolathupalayam,"10°44'32""","77°36'38""",03-01-2019,287,15,36,34.02,14,4,35,54,1.812067,153.125,0.98,8.1,520,230,0.4017143,0,11.47415
63501,Dug Well,Tiruppur,Dharapuram,Munduvelampatty,"10°42'30""","77°19'40""",03-01-2019,1280,372,44,99.63,212,27,347,92,0,170.8,1.7,8.1,2020,520,4.045026,0,45.41217
63505,Dug Well,Tiruppur,Dharapuram,Dalavaypattinam,"10°40'25""","77°29'00""",03-01-2019,468,31,32,41.31,69,9,106,88,1.75359,148.1835,1.3,8.1,810,250,1.898918,0,36.47799
63510,Dug Well,Tiruppur,Dharapuram,P.K.Palayam,"10°46'15""","77°18'50""",03-01-2019,2023,558,208,189.54,154,10,681,206,0,30.5,0.9,7.8,3250,1300,1.858684,0,20.34111
63517,Dug Well,Tiruppur,Dharapuram,Kulathupalayam,"10°45'35""","77°35'00""",03-01-2019,386,9,24,36.45,67,5,60,54,3.154886,211.7659,1,8.2,710,210,2.011776,0,40.25701
63533,Dug Well,Tiruppur,Dharapuram,Sinukinaru,"10°50'20""","77°33'05""",03-01-2019,827,136,40,63.18,32,168,163,106,12,213.5,1.7,8.5,1290,360,0.7338549,0,10.80356
63801,Dug Well,Tiruppur,Madathukulam,Ramachandrapuram,"10°43'30""","77°10'35""",03-01-2019,639,60,44,34.02,122,11,206,110,0,103.7,0.89,7.9,1040,250,3.357847,0,50.14224
63804A,Dug Well,Tiruppur,Madathukulam,Gudimangalam,"10°41'42""","77°16'54""",03-01-2019,54,7,8,2.43,2,8,7,4,0.1849894,24.77529,0.33,7.9,80,30,0.1589365,0,9.765865
63806,Dug Well,Tiruppur,Madathukulam,Kongalnagaram,"10°40'35""","77°12'05""",03-01-2019,285,53,40,12.15,37,6,67,24,0.5555568,74.40472,0.79,7.9,490,150,1.314954,0,33.81915
63817A,Dug Well,Tiruppur,Madathukulam,Komaralingam East,"10°29'17""","77°21'19""",03-01-2019,86,8,18,4.86,2,4,7,14,0.5255616,44.41149,0.58,8.1,140,65,0.1079785,0,5.848362
63818A,Dug Well,Tiruppur,Madathukulam,Neelambur,"10°32'02""","77°21'34""",03-01-2019,509,99,40,32.805,76,15,99,55,0,183,0.96,8.2,830,235,2.157473,0,39.42479
63820A,Dug Well,Tiruppur,Madathukulam,Thungavi,"10°37'34""","77°19'46""",03-01-2019,303,71,6,32.805,41,5,53,42,1.246577,83.67418,0.69,8.2,500,150,1.456413,0,36.32061
63826,Dug Well,Tiruppur,Madathukulam,Kaniyur,"10°36'16""","77°22'42""",03-01-2019,885,236,72,26.73,150,45,170,72,6,213.5,1.98,8.4,1340,290,3.833803,0,48.44437
HP2CTR02,Bore Well,Tiruppur,Avinashi,Sevur,"11°14'50""","77°14'30""",04-01-2019,284,7,14,27.945,46,4,25,59,2.420921,162.4998,1.3,8.2,500,150,1.634208,0,39.22237
HP2CTR04,Bore Well,Tiruppur,Avinashi,Thathanur,"11°18'20""","77°16'40""",04-01-2019,422,40,6,25.515,97,6,71,139,0.8795946,59.04116,1,8.2,650,120,3.852446,0,62.30709
HP2ETR21,Bore Well,Tiruppur,Kangayam,Uthiyur,"10°53'20""","77°31'45""",04-01-2019,1132,155,48,102.06,207,11,362,64,0,366,1,8.2,1960,540,3.875829,0,44.84271
63334,Dug Well,Tiruppur,Avinashi,Avinashi-TB,"11°11'17""","77°16'18""",04-01-2019,176,9,16,12.15,75,13,25,15,1.168814,98.76824,0.84,8.1,310,90,3.44043,0,60.49068
63341,Dug Well,Tiruppur,Avinashi,Ramanathapuram,"11°13'06""","77°11'24""",04-01-2019,918,170,20,55.89,205,14,177,154,0,244,1.54,8,1430,280,5.330278,0,59.95738
63532,Dug Well,Tiruppur,Kangayam,Uthiyur,"10°53'40""","77°31'40""",04-01-2019,1463,198,60,140.94,244,13,581,110,0,231.8,0.9,8.1,2550,730,3.929283,0,41.55954
63540,Dug Well,Tiruppur,Kangayam,Kadaiyur,"10°59'05""","77°36'30""",04-01-2019,2209,496,304,106.92,269,18,922,65,0,54.9,0.62,7.9,3540,1200,3.3799,0,32.38486
63576,Dug Well,Tiruppur,Kangayam,Sivanmalai,"11°02'15""","77°31'40""",04-01-2019,727,74,30,53.46,140,23,220,58,0,256.2,0.3,8.2,1260,295,3.546663,0,48.4299
HP2ETR10 A,Bore Well,Tiruppur,Kangayam,Poomandanvalasu,"11°04'04""","77°33'28""",05-01-2019,442,83,16,61.965,23,39,35,34,3.595264,241.3255,0.89,8.2,780,295,0.5826076,0,12.67128
HP2CTR12,Bore Well,Tiruppur,Palladam,Samalapuram,"11°14'00""","77°12'00""",07-01-2019,93,9,12,4.86,12,4,7,7,0.8795946,59.04116,0.4,8.2,160,50,0.7386287,0,32.15973
63811,Dug Well,Tiruppur,Udumalpet,Udumalpet,"10°34'25""","77°14'25""",07-01-2019,325,30,16,10.935,87,7,57,22,0.7266878,154.2482,1.4,7.7,560,85,4.106692,0.8542534,66.84106
63827,Dug Well,Tiruppur,Udumalpet,Ilalayamuthur,"10°28'55""","77°18'00""",07-01-2019,53,6,10,3.645,2,3,7,5,0.3658192,24.55494,0.37,8.2,90,40,0.1376382,0,9.036435
63828,Dug Well,Tiruppur,Udumalpet,Kannamanaickanur,"10°33'15""","77°16'20""",07-01-2019,101,11,20,3.645,5,7,25,7,0.2061751,34.76228,1.11,7.8,170,65,0.2699637,0,12.83443
63830,Dug Well,Tiruppur,Udumalpet,Kuralikuttai,"10°32'35""","77°15'00""",07-01-2019,91,8,22,2.43,5,4,11,5,0.6425166,54.29454,0.6,8.1,160,65,0.2699813,0,13.44453
63831,Dug Well,Tiruppur,Udumalpet,Deepalapatti,"10°32'35""","77°03'19""",07-01-2019,79,5,16,3.645,3,6,14,6,0.3720329,39.57797,0.17,8,140,55,0.1760827,0,9.439755
63832,Dug Well,Tiruppur,Udumalpet,Periya Valavadi,"10°32'53""","77°10'58""",07-01-2019,64,6,10,3.645,2,8,7,5,0.2591029,34.70118,0.66,7.9,110,40,0.1376382,0,7.976828
MWSETR06,Bore Well,Tiruppur,Avinashi,Virumandempalayam,"11°12'46""","77°23'41""",07-01-2019,1009,99,40,99.63,179,4,383,82,18,207.4,0.13,8.7,1820,510,3.448653,0,43.05762
HP2CTR12,Bore Well,Tiruppur,Palladam,Samalapuram,"11°14'00""","77°12'00""",01-07-2019,99,6,10,8.505,12,4,14,4,1.194825,63.70541,0.2,8.3,180,60,0.6741681,0,28.62961
HP2CTR21(A),Bore Well,Tiruppur,Palladam,Pongalur,"10°58'32""","77°32'37""",02-07-2019,148,9,10,7.29,35,3,28,7,1.842468,78.03194,0.1,8.4,260,55,2.053824,0.2415316,56.426
63424,Dug Well,Tiruppur,Palladam,Anuppatti,"10°58'05""","77°13'46""",02-07-2019,2182,236,40,160.38,437,34,638,514,12,219.6,1.3,8.5,3440,760,6.896559,0,54.19904
63430,Dug Well,Tiruppur,Palladam,Chinnakarai,"11°03'26""","77°18'34""",02-07-2019,3199,148,88,189.54,771,16,1170,694,0,244,0.2,8.2,5380,1000,10.60827,0,62.18051
63431,Dug Well,Tiruppur,Palladam,Kethanur,"10°54'54""","77°15'49""",02-07-2019,1740,282,28,41.31,518,10,376,184,24,481.9,1.7,8.9,2770,240,14.54925,3.902318,81.68364
63433,Dug Well,Tiruppur,Palladam,Naranapuram,"11°01'31""","77°17'24""",02-07-2019,1291,262,88,48.6,265,30,404,126,0,134.2,0.5,8.2,2010,420,5.627599,0,55.7257
63801,Dug Well,Tiruppur,Madathukulam,Ramachandrapuram,"10°43'30""","77°10'35""",02-07-2019,338,8,24,26.73,41,23,103,66,0.222233,74.76196,0.3,7.5,590,170,1.368354,0,30.91386
63804A,Dug Well,Tiruppur,Madathukulam,Gudimangalam,"10°41'42""","77°16'54""",02-07-2019,86,10,14,4.86,5,6,11,4,0.7328016,49.18795,0.1,8.2,140,55,0.2934485,0,14.79974
63806,Dug Well,Tiruppur,Madathukulam,Kongalnagaram,"10°40'35""","77°12'05""",02-07-2019,248,28,16,26.73,28,11,82,10,0.1115569,74.88052,0.4,7.2,430,150,0.9947635,0,27.08137
63421,Dug Well,Tiruppur,Palladam,Karanampettai,"11°01'06""","77°11'00""",03-07-2019,569,85,18,55.89,97,7,177,65,0,128.1,0.3,8.2,960,275,2.544925,0,42.63757
53260,Dug Well,Tiruppur,Avinasi,Raddipalayam,"11°10'26""","77°27'39""",04-07-2019,293,7,28,13.365,60,7,64,34,1.210155,128.7399,0.4,8,510,125,2.33567,0,49.37286
53261,Dug Well,Tiruppur,Avinasi,Sakarperiyapalayam,"11°07'45""","77°24'18""",04-07-2019,2282,254,128,106.92,524,5,950,192,0,244,0.15,7.7,3870,760,8.271584,0,59.81296
53271,Dug Well,Tiruppur,Avinasi,Thalapathi,"11°11'59""","77°26'20""",04-07-2019,824,43,20,93.555,138,12,170,158,0,378.2,1.7,8.2,1500,435,2.878632,0,40.00148
MWSETR06,Bore Well,Tiruppur,Avinashi,Virumandempalayam,"11°12'46""","77°23'41""",04-07-2019,1284,186,40,106.92,248,21,461,83,0,274.5,0.95,7.9,2200,540,4.643359,0,48.77003
63811,Dug Well,Tiruppur,Udumalpet,Udumalpet,"10°34'25""","77°14'25""",05-07-2019,340,19,14,8.505,92,14,64,36,3.457162,146.4173,0.8,8.4,570,70,4.785551,1.116678,69.49486
63828,Dug Well,Tiruppur,Udumalpet,Kannamanaickanur,"10°33'15""","77°16'20""",05-07-2019,86,7,16,2.43,9,5,14,5,0.6594051,44.26135,0.1,8.2,150,50,0.5540653,0,25.79242
63830,Dug Well,Tiruppur,Udumalpet,Kuralikuttai,"10°32'35""","77°15'00""",05-07-2019,81,5,14,2.43,12,2,11,4,1.150456,48.72395,0.2,8.4,130,45,0.7787002,0,35.46586
63831,Dug Well,Tiruppur,Udumalpet,Deepalapatti,"10°32'35""","77°03'19""",05-07-2019,84,6,16,3.645,5,5,11,6,1.150456,48.72395,0.2,8.4,140,55,0.2934711,0,15.06365
HP2CTR02,Bore Well,Tiruppur,Avinashi,Sevur,"11°14'50""","77°14'30""",08-07-2019,448,73,6,54.675,64,15,113,39,1.256717,133.6933,0.8,8,780,240,1.797243,0,34.94658
HP2CTR04,Bore Well,Tiruppur,Avinashi,Thathanur,"11°18'20""","77°16'40""",08-07-2019,1212,161,92,109.35,154,25,447,114,0,219.6,0.1,7.4,2050,680,2.569804,0,32.00877
HP2CTR19,Bore Well,Tiruppur,Tiruppur,Veerapandi,"11°04'45""","77°21'00""",08-07-2019,2618,121,160,238.14,357,37,794,850,0,122,0.4,8,4390,1380,4.181621,0,35.24767
HP2CTR20,Bore Well,Tiruppur,Tiruppur,Neruperichal,"11°09'00""","77°23'15""",08-07-2019,2117,221,32,150.66,435,111,879,163,12,225.7,0.05,8.4,3510,700,7.153057,0,52.91991
HP2ETR10 A,Bore Well,Tiruppur,Kangayam,Poomandanvalasu,"11°04'04""","77°33'28""",08-07-2019,651,53,28,18.225,189,10,92,41,12,414.8,0.9,8.5,1120,145,6.830691,4.302072,72.28023
HP2ETR21,Bore Well,Tiruppur,Kangayam,Uthiyur,"10°53'20""","77°31'45""",08-07-2019,1276,12,40,187.11,143,40,425,112,0,634.4,0.8,8.1,2420,870,2.10925,0,25.24796
HP2ETR22,Bore Well,Tiruppur,Dharapuram,Periakumarapalayam,"10°46'25""","77°18'55""",08-07-2019,4140,806,72,323.19,713,88,1276,586,0,189.1,0.5,7.8,6220,1510,7.982783,0,48.87736
HP2ETR24 A,Bore Well,Tiruppur,Dharapuram,Kallivalasu,"10°37'58""","77°25'54""",08-07-2019,710,13,36,41.31,152,10,78,203,0,353.8,1.3,7.9,1220,260,4.10198,0.6033521,54.80788
HP2ETR25 A,Bore Well,Tiruppur,Dharapuram,Thoppampatti,"10°46'52""","77°27'47""",08-07-2019,877,120,72,60.75,131,9,170,198,0,231.8,0.6,8.2,1400,430,2.749162,0,39.24227
HP2ETR27,Bore Well,Tiruppur,Dharapuram,Thoorampadi,"10°51'05""","77°40'30""",08-07-2019,747,91,8,38.88,198,20,113,37,18,427,2.5,9,1250,180,6.420653,4.000499,67.69446
HP2ETR29,Bore Well,Tiruppur,Dharapuram,Velampoondi,"10°48'40""","77°52'15""",08-07-2019,1120,16,72,80.19,161,88,220,215,12,512.4,1.1,8.7,1950,510,3.102272,0,36.01373
MWSETR13,Bore Well,Tiruppur,Dharapuram,Sankarandampalayam,"10°48'55""","77°36'24""",08-07-2019,2410,128,64,65.61,644,38,581,691,6,384.3,0.2,8.3,3750,430,13.51443,0,74.54642
MWSETR15,Bore Well,Tiruppur,Dharapuram,Kolathupalayam,"10°44'32""","77°36'38""",08-07-2019,445,25,30,24.3,97,7,103,43,1.12006,188.8484,0.3,7.8,770,175,3.190947,0,53.44193
63334,Dug Well,Tiruppur,Avinashi,Avinashi-TB,"11°11'17""","77°16'18""",08-07-2019,1194,166,88,119.07,140,25,461,82,0,225.7,0.87,8,1970,710,2.286242,0,29.11105
63341,Dug Well,Tiruppur,Avinashi,Ramanathapuram,"11°13'06""","77°11'24""",08-07-2019,957,157,24,58.32,193,40,213,138,12,244,1.4,8.5,1520,300,4.84819,0,54.46073
63344,Bore Well,Tiruppur,Tiruppur,Muthaiankinaru,"11°12'15""","77°20'95""",08-07-2019,2166,219,80,126.36,426,111,879,184,0,280.6,0.4,8.2,3520,720,6.90804,0,51.81867
63347,Dug Well,Tiruppur,Tiruppur,Nallur,"11°06'00""","77°23'30""",08-07-2019,945,156,16,65.61,184,37,213,127,24,244,1.4,8.6,1500,310,4.546674,0,52.83829
63355,Dug Well,Tiruppur,Tiruppur,Kandiyankoil,"11°00'50""","77°28'10""",08-07-2019,2107,226,56,155.52,391,115,893,160,0,219.6,0.2,8.1,3520,780,6.091228,0,47.85343
63357,Dug Well,Tiruppur,Tiruppur,Neruperichal,"11°09'00""","77°14'15""",08-07-2019,952,159,20,72.9,170,39,234,132,24,201.3,0.64,8.6,1520,350,3.953455,0,48.05129
63501,Dug Well,Tiruppur,Dharapuram,Munduvelampatty,"10°42'30""","77°19'40""",08-07-2019,1163,258,23.2,47.871,271,47,241,112,0,298.9,1.8,8,1810,255,7.384009,0,65.17325
63505,Dug Well,Tiruppur,Dharapuram,Dalavaypattinam,"10°40'25""","77°29'00""",08-07-2019,664,28,38,47.385,122,20,135,130,0,286.7,1,7.6,1170,290,3.117386,0,45.69296
63510,Dug Well,Tiruppur,Dharapuram,P.K.Palayam,"10°46'15""","77°18'50""",08-07-2019,2625,459,300,41.31,269,50,645,533,0,256.2,0.2,8.2,4000,920,3.860712,0,37.32264
63517,Dug Well,Tiruppur,Dharapuram,Kulathupalayam,"10°45'35""","77°35'00""",08-07-2019,657,33,16,23.085,131,98,135,50,0,341.6,0.6,7.7,1070,135,4.905946,2.901174,52.26357
63523,Dug Well,Tiruppur,Dharapuram,Kilankundal,"10°45'05""","77°43'35""",08-07-2019,1342,143,80,97.2,200,84,312,166,0,518.5,0.7,8.1,2250,600,3.552927,0,38.09108
63532,Dug Well,Tiruppur,Kangayam,Uthiyur,"10°53'40""","77°31'40""",08-07-2019,1331,182,116,94.77,184,41,425,120,0,335.5,0.7,8,2240,680,3.070644,0,35.35202
63533,Dug Well,Tiruppur,Dharapuram,Sinukinaru,"10°50'20""","77°33'05""",08-07-2019,1406,100,36,19.44,455,20,390,120,6,518.5,1.7,8.4,2380,170,15.18766,5.302628,83.51086
63536,Dug Well,Tiruppur,Dharapuram,Erichinampalayam,"10°50'40""","77°44'30""",08-07-2019,851,54,40,111.78,97,18,156,99,12,524.6,2.5,8.5,1560,560,1.783417,0,26.57978
63540,Dug Well,Tiruppur,Kangayam,Kadaiyur,"10°59'05""","77°36'30""",08-07-2019,3029,308,300,75.33,667,20,1475,114,0,140.3,0.8,8.1,5040,1060,8.917484,0,57.2306
63542,Dug Well,Tiruppur,Kangayam,Vellakoil,"10°56'40""","77°42'55""",08-07-2019,627,43,18,54.675,122,18,167,57,0,292.8,1,7.8,1100,270,3.230343,0,47.53215
63576,Dug Well,Tiruppur,Kangayam,Sivanmalai,"11°02'15""","77°31'40""",08-07-2019,907,18,80,72.9,138,13,284,99,0,402.6,0.6,7.9,1630,500,2.685657,0,36.76674
63817A,Dug Well,Tiruppur,Madathukulam,Komaralingam East,"10°29'17""","77°21'19""",08-07-2019,183,6,14,20.655,18,8,39,22,0.6667271,89.29356,0.6,7.9,330,120,0.7149876,0,23.12407
63818A,Dug Well,Tiruppur,Madathukulam,Neelambur,"10°32'02""","77°21'34""",08-07-2019,78,6,8,7.29,7,5,11,6,0.4185952,44.53141,0.2,8,140,50,0.4307938,0,21.27044
63820A,Dug Well,Tiruppur,Madathukulam,Thungavi,"10°37'34""","77°19'46""",08-07-2019,1029,305,24,82.62,133,98,170,63,12,280.6,1.6,8.5,1620,400,2.893252,0,35.51801
63826,Dug Well,Tiruppur,Madathukulam,Kaniyur,"10°36'16""","77°22'42""",08-07-2019,1080,309,20,70.47,166,90,177,96,0,305,1.5,8.2,1620,340,3.916806,0,44.24548
63827,Dug Well,Tiruppur,Udumalpet,Ilalayamuthur,"10°28'55""","77°18'00""",08-07-2019,87,9,14,2.43,12,3,11,5,0.7328016,49.18795,0.1,8.2,130,45,0.7787002,0,34.86005
63832,Dug Well,Tiruppur,Udumalpet,Periya Valavadi,"10°32'53""","77°10'58""",08-07-2019,904,141,40,119.07,76,22,312,124,0,140.3,0.6,8.2,1560,590,1.361317,0,21.1063
63355,Dug Well,Tiruppur,Tiruppur,Kandiyankovil,"11°00'50""","77°28'10""",02-01-2023,296,9,26,27,39,12,57,31,0,189,0.36,7.7,540,175,1.285079208,--,36.30668097
HP2CTR19,Bore Well,Tiruppur,Tiruppur,Veerapandi,"11°04'45""","77°21'00""",02-01-2023,141,4,16,10,16,8,28,22,0,73,1.9,7.9,230,80,0.782623792,--,35.72545705
HP2CTR20,Bore Well,Tiruppur,Tiruppur,Neruperichal,"11°09'00""","77°23'15""",02-01-2023,32,6,4,1,2,4,4,5,0,12,0.75,8.1,40,15,0.25819889,--,40.16300093
63357,Dug Well,Tiruppur,Tiruppur,Neruperichal,"11°09'00""","77°14'15""",02-01-2023,1177,51,80,97,145,98,532,64,0,220,0.73,8,2040,600,2.57196423,--,42.43776051
63344,Bore Well,Tiruppur,Tiruppur,Eettiveerampalayam,"11°12'15""","77°20'95""",02-01-2023,1547,175,44,95,334,51,596,160,6,171,0.77,8.3,2580,500,6.484597135,--,61.31059543
63360,Bore Well,Tiruppur,Tiruppur,Abisekhapuram,"11°16'01""","77°21'53""",02-01-2023,2398,54,64,180,405,164,851,570,0,220,1.64,8.1,3950,900,5.866666667,--,54.84059975
63347,Dug Well,Tiruppur,Tiruppur,Nallur,11°06?52?,77°23?29?,02-01-2023,944,95,20,63,193,63,319,69,12,220,1.86,8.5,1520,310,4.770879408,--,61.87215855
63418,Dug Well,Tiruppur,Tiruppur,Semmandapalayam,10°55?25?,77°24?35?,02-01-2023,225,21,28,15,28,8,21,21,0,165,1.21,8.2,390,130,1.052469623,0.1,35.09795886
63517,Dug Well,Tiruppur,Dharapuram,Kolathupalayam,"10°45'35""","77°35'00""",03-01-2023,1123,145,10,40,285,70,241,168,30,268,0.58,8.5,1800,190,8.995905501,1.6,78.96085281
MWSETR15,Bore Well,Tiruppur,Dharapuram,Kolathupalayam,"10°44'32""","77°36'38""",03-01-2023,412,20,16,19,106,8,67,69,0,214,1.22,8.2,710,120,4.199206274,1.1,67.12475983
63505,Dug Well,Tiruppur,Dharapuram,Dhalavaipattinam,"10°40'25""","77°29'00""",03-01-2023,455,24,46,27,71,8,103,87,0,177,0.53,8.2,780,225,2.066666667,--,42.17421178
HP2ETR24 A,Bore Well,Tiruppur,Dharapuram,Kallivalasu,"10°37'58""","77°25'54""",03-01-2023,508,4,96,13,55,8,35,190,6,201,0.61,8.3,830,295,1.397334023,--,30.67911769
63501,Dug Well,Tiruppur,Dharapuram,Munduvellampatti,"10°42'30""","77°19'40""",03-01-2023,1290,130,36,88,265,55,532,120,0,128,0.5,8.2,2110,450,5.421151989,--,58.92207317
HP2ETR25 A,Bore Well,Tiruppur,Dharapuram,Thoppampatti,"10°46'52""","77°27'47""",03-01-2023,969,93,144,19,120,51,191,217,0,268,1.26,8.2,1530,440,2.479002732,--,42.68400773
63523,Dug Well,Tiruppur,Dharapuram,Kilangundal,"10°45'05""","77°43'35""",03-01-2023,1692,206,112,73,315,94,496,164,12,439,0.34,8.4,2770,580,5.68861537,--,58.15677575
HP2ETR27,Bore Well,Tiruppur,Dharapuram,Thurambadi,"10°51'05""","77°40'30""",03-01-2023,762,29,92,51,99,20,142,140,24,329,0.33,4.4,1350,440,2.049944567,--,35.42064853
63536,Dug Well,Tiruppur,Dharapuram,Erasinampalayam,"10°50'40""","77°44'30""",03-01-2023,897,107,24,78,131,70,220,84,12,342,0.64,8.5,1510,380,2.924038303,--,49.64352266
HP2ETR29,Bore Well,Tiruppur,Dharapuram,Velampoondi,"10°48'40""","77°52'15""",03-01-2023,535,8,24,17,120,39,92,122,6,214,0.42,8.4,880,130,4.5607017,1.1,70.55675242
63510,Dug Well,Tiruppur,Dharapuram,Periyakumarapalayam,"10°46'15""","77°18'50""",03-01-2023,1846,394,184,83,255,66,518,300,0,92,0.26,8.1,2860,800,3.924442636,--,44.39099566
HP2ETR22,Bore Well,Tiruppur,Dharapuram,Periyakumarapalayam,"10°46'25""","77°18'55""",03-01-2023,3095,447,136,209,515,141,1007,493,0,293,0.15,8,4970,1200,6.466323015,--,52.06925022
63533,Dug Well,Tiruppur,Dharapuram,sirukinar,"10°50'20""","77°33'05""",03-01-2023,1677,300,48,88,294,137,369,282,6,305,1,8.3,2580,480,5.842373947,--,62.88309593
MWSETR13,Bore Well,Tiruppur,Dharapuram,Sankarandampalayam,"10°48'55""","77°36'24""",03-01-2023,1565,69,36,102,267,125,333,529,6,195,0.95,8.4,2450,510,5.136566336,--,59.30248805
63540,Dug Well,Tiruppur,Kangayam,Kadaiyur,"10°59'05""","77°36'30""",03-01-2023,1632,94,128,77,290,102,851,44,6,79,0.52,8.3,2770,635,5.000157478,--,54.48624701
63576,Dug Well,Tiruppur,Kangayam,Sivanmalai,"11°02'15""","77°31'40""",03-01-2023,1112,143,56,61,221,43,397,93,6,183,0.63,8.3,1820,390,4.861148962,--,57.8570639
63532,Dug Well,Tiruppur,Kangayam,Uthiyur,"10°53'40""","77°31'40""",03-01-2023,988,114,36,68,202,23,326,118,6,189,0.67,8.4,1650,370,4.574902155,--,55.96333078
HP2ETR21,Bore Well,Tiruppur,Kangayam,Uthiyur,"10°53'20""","77°31'45""",03-01-2023,688,64,28,54,122,39,184,44,6,293,0.65,8.4,1200,290,3.112267163,--,51.96058706
63542,Dug Well,Tiruppur,Kangayam,Vellakoil,"10°56'40""","77°42'55""",03-01-2023,1385,131,68,100,235,66,496,149,12,256,0.33,8.5,2360,580,4.235319473,--,50.65664267
63827,Dug Well,Tiruppur,Udumalpet,Illayamuthur,"10°28'55""","77°18'00""",03-01-2023,825,133,80,44,101,35,191,195,0,92,0.47,7.9,1280,380,2.257152375,--,41.00243569
63830,Dug Well,Tiruppur,Udumalpet,Kuralkutti,"10°32'35""","77°15'00""",03-01-2023,792,139,48,63,110,23,191,141,0,153,0.35,7.4,1290,380,2.462348045,--,41.52250481
63811,Dug Well,Tiruppur,Udumalpet,Udumalpet,"10°34'25""","77°14'25""",03-01-2023,838,132,32,41,150,63,191,149,0,159,1.9,7.1,1300,250,4.110960958,--,62.11402878
HP2CTR04,Bore Well,Tiruppur,Avinashi,Thathanur,"11°18'20""","77°16'40""",03-01-2023,463,11,10,35,99,23,85,75,6,238,0.66,8.3,820,170,3.297949452,0.7,59.22194845
HP2CTR02,Bore Well,Tiruppur,Avinashi,Sevur,"11°14'50""","77°14'30""",03-01-2023,41,14,4,2,2,4,4,5,0,12,1.41,8.1,50,20,0.223606798,--,34.21200224
63334,Dug Well,Tiruppur,Avinashi,Avinashi TB,"11°11'17""","77°16'18""",03-01-2023,206,15,32,19,7,8,25,17,6,153,0.67,8.4,370,160,0.237170825,--,13.88177335
63341,Dug Well,Tiruppur,Avinashi,Ramanathapuram,"11°13'06""","77°11'24""",03-01-2023,841,132,32,56,127,70,220,115,0,177,1.75,8.2,1340,310,3.123790088,--,54.15435197
63569,Bore Well,Tiruppur,Kangeyam,Nathakadaiyur,11°05?14?,77°39?46?,03-01-2023,576,7,20,41,124,23,156,77,12,232,0.98,8.6,1020,220,3.640679257,--,57.82811081
HP2ETR10 A,Bore Well,Tiruppur,Kangeyam,Poomandavalasu,11°04?50?,77°33?28?,03-01-2023,535,7,74,40,64,16,106,21,12,390,1.1,8.5,1000,350,1.496662955,--,31.38306358
HP2ETR12,Bore Well,Tiruppur,Kangeyam,Rasattavalasu,11°02?11?,77°42?47?,03-01-2023,487,74,26,47,64,12,85,87,6,171,0.22,8.4,830,260,1.736486284,--,37.48512687
HP II-03,Bore Well,Tiruppur,Avinashi,Rakkiyapalayam,11°09?36?,77°17?09?,03-01-2023,1562,16,88,80,311,82,581,227,0,354,1.26,8.2,2670,550,5.756419342,--,58.77012277
63828,Dug Well,Tiruppur,Udumalpet,Kanamanaickannur,"10°33'15""","77°16'20""",05-01-2023,40,4,6,2,2,4,7,6,0,18,0.95,7.1,60,25,0.2,--,28.97434416
63806,Dug Well,Tiruppur,Madathukulam,Kongalnagaram,"10°40'35""","77°12'05""",05-01-2023,714,33,72,54,81,31,206,127,0,220,1.12,7.6,1230,400,1.75,--,34.9618775
63804A,Dug Well,Tiruppur,Madathukulam,Gudimangalam,"10°41'42""","77°16'54""",07-01-2023,43,11,6,2,2,4,7,2,0,18,1.8,7.2,60,25,0.2,--,28.97434416
63801,Dug Well,Tiruppur,Madathukulam,Ramachandrapuram,"10°43'30""","77°10'35""",07-01-2023,803,133,76,58,85,27,184,173,0,134,1.15,7.2,1280,430,1.784298442,--,33.89560872
63817A,Dug Well,Tiruppur,Madathukulam,Komaralingam,"10°29'17""","77°21'19""",07-01-2023,41,9,4,2,2,4,7,7,0,12,0.94,7.8,60,20,0.223606798,--,34.21200224
63818A,Dug Well,Tiruppur,Madathukulam,Neelambur,"10°32'02""","77°21'34""",07-01-2023,34,3,4,2,2,4,7,6,0,12,1.08,7.2,60,20,0.223606798,--,34.21200224
63826,Dug Well,Tiruppur,Madathukulam,Kaniyur,"10°36'16""","77°22'42""",07-01-2023,39,12,4,2,2,4,4,5,0,12,0.27,8,60,20,0.223606798,--,34.21200224
63820,Bore Well,Tiruppur,Madathukulam,Thungavi,"10°37'34""","77°19'46""",07-01-2023,132,12,18,6,18,8,18,6,0,92,0.69,8.2,230,70,0.956182887,0.1,41.49667177
63824,Dug Well,Tiruppur,Madathukulam,Poolavadi,10°44?26?,77°18?32?,07-01-2023,752,133,64,39,122,23,191,116,0,128,0.83,7.2,1200,320,2.96279007,--,47.94887419
63831,Dug Well,Tiruppur,Udumalpet,Deepalapatti,"10°32'35""","77°03'19""",09-01-2023,272,22,36,18,28,8,50,49,0,122,0.42,7.8,460,165,0.934198733,--,30.27192608
63832,Dug Well,Tiruppur,Udumalpet,periyavalavadi,"10°32'53""","77°10'58""",09-01-2023,1685,166,44,109,329,106,617,189,0,250,0.26,8.2,2760,560,6.042852921,--,60.44576692
MWSETR06,Bore Well,Tiruppur,Uthukuli,Virumandampalayam,11°12?47?,77°23?40?,09-01-2023,670,78,14,54,136,20,220,60,18,140,1,8.6,1140,255,3.694723317,--,55.62006507
53271,Dug Well,Tiruppur,Uthukuli,Thalapathi,11°13?45?,77°25?03?,09-01-2023,913,58,20,75,175,20,191,130,0,488,2.37,8.2,1550,360,4.005551703,0.8,53.18535443
53260,Dug Well,Tiruppur,Uthukuli,Reddipalayam,11°10?32?,77°27?34?,09-01-2023,1009,120,36,51,212,63,390,21,12,207,1.24,8.4,1680,300,5.311622477,--,64.42181154
53261,Dug Well,Tiruppur,Uthukuli,Sarkarperiyakulam,11°07?50?,77°24?14?,09-01-2023,2035,232,112,92,393,125,851,108,12,220,0.66,8.3,3320,660,6.656165973,--,60.68501333
63424,Dug Well,Tiruppur,Palladam,Anupatti(Chinnakarai),"10°58'05""","77°13'46""",10-01-2023,69,1,10,5,5,4,11,8,0,49,1.1,8.2,110,45,0.298142397,--,26.0012617
HP1CTR05(A),Bore Well,Tiruppur,Palladam,Venkittapuram,"10°45'55""","77°16'26""",10-01-2023,665,32,32,32,129,43,156,164,0,153,1.52,8.2,1080,210,3.864367132,--,61.36858586
63431,Dug Well,Tiruppur,Palladam,Kethanur,"10°54'54""","77°15'49""",10-01-2023,1047,113,44,51,117,35,291,140,0,512,0.76,8.2,2050,320,2.850986671,2,48.38935047
HP2CTR21(A),Bore Well,Tiruppur,Palladam,Pongalur,"10°58'32""","77°32'37""",10-01-2023,1009,7,140,32,152,31,390,190,6,122,0.96,8.5,1700,480,3.012474066,--,43.47581954
63430,Dug Well,Tiruppur,Palladam,Chinnakkarai,"11°03'26""","77°18'34""",12-01-2023,639,43,26,34,117,63,234,49,0,146,1.51,8,1070,205,3.561994508,--,62.10617283
63433,Dug Well,Tiruppur,Palladam,Narayanapuram,"11°01'31""","77°17'24""",12-01-2023,727,162,40,54,120,16,220,38,0,153,1.24,8.2,1200,320,2.906888371,--,46.68280737
HP2CTR12,Bore Well,Tiruppur,Palladam,Samalapuram,"11°14'00""","77°12'00""",12-01-2023,82,17,10,6,7,4,7,3,0,55,2.12,8.2,130,50,0.424264069,--,29.07853513
63831,Dug Well,Tiruppur,Udumalpet,Deepalapatti,"10°32'35""","77°03'19""",03-07-2023,294,2,36,23,41,8,35,27,0,244,0.87,7.4,560,185,1.32338632,0.3,35.03264747
63832,Dug Well,Tiruppur,Udumalpet,periyavalavadi,"10°32'53""","77°10'58""",03-07-2023,1482,37,40,73,370,63,617,120,0,323,0.45,7.4,2570,400,8.05,--,68.91338809
63828,Dug Well,Tiruppur,Udumalpet,Kanamanaickannur,"10°33'15""","77°16'20""",08-07-2023,41,6,4,2,2,4,7,7,0,18,0.12,7.4,60,20,0.223606798,--,34.21200224
63804A,Dug Well,Tiruppur,Madathukulam,Gudimangalam,"10°41'42""","77°16'54""",08-07-2023,37,2,4,2,2,4,7,7,0,18,0.12,6.8,60,20,0.223606798,--,34.21200224
63827,Dug Well,Tiruppur,Udumalpet,Illayamuthur,"10°28'55""","77°18'00""",10-07-2023,40,1,2,2,7,4,7,1,0,31,0.18,6.5,70,15,0.774596669,0.2,60.64111141
63811,Dug Well,Tiruppur,Udumalpet,Udumalpet,"10°34'25""","77°14'25""",10-07-2023,38,5,4,2,2,4,7,5,0,18,0.11,7,60,20,0.223606798,--,34.21200224
63818A,Dug Well,Tiruppur,Madathukulam,Neelambur,"10°32'02""","77°21'34""",10-07-2023,53,2,6,4,5,4,7,6,0,37,0.24,7.8,100,30,0.365148372,--,33.7384902
63424,Dug Well,Tiruppur,Palladam,Anupatti(Chinnakarai),"10°58'05""","77°13'46""",10-07-2023,47,2,4,2,7,4,7,5,0,31,0.18,7.7,80,20,0.670820393,0.1,52.77161139
HP1CTR05(A),Bore Well,Tiruppur,Palladam,Venkittapuram,"10°45'55""","77°16'26""",10-07-2023,2599,167,80,136,430,325,737,403,0,641,1.46,8.1,4210,760,6.783202939,--,64.06721806
63430,Dug Well,Tiruppur,Palladam,Chinnakkarai,"11°03'26""","77°18'34""",10-07-2023,691,97,60,43,85,55,121,62,0,336,0.32,7.5,1160,325,2.052390726,--,43.88362608
63433,Dug Well,Tiruppur,Palladam,Narayanapuram,"11°01'31""","77°17'24""",10-07-2023,695,107,62,45,81,59,117,53,0,342,0.23,8,1140,340,1.898141506,--,42.56365996
63431,Dug Well,Tiruppur,Palladam,Kethanur,"10°54'54""","77°15'49""",10-07-2023,1215,259,52,78,214,59,269,98,0,372,0.84,7.9,1960,450,4.384062043,--,54.59403324
HP2CTR21(A),Bore Well,Tiruppur,Palladam,Pongalur,"10°58'32""","77°32'37""",10-07-2023,1110,148,64,95,163,31,305,182,0,244,0.28,7.8,1830,550,3.027450172,--,41.76566904
HP2CTR12,Bore Well,Tiruppur,Palladam,Samalapuram,"11°14'00""","77°12'00""",10-07-2023,648,69,40,56,90,47,142,51,0,305,0.39,8,1170,330,2.146879342,--,43.69909235
63517,Dug Well,Tiruppur,Dharapuram,Kolathupalayam,"10°45'35""","77°35'00""",10-07-2023,505,19,20,28,108,27,152,62,0,177,0.33,8.1,860,165,3.658945038,--,62.04378504
MWSETR15,Bore Well,Tiruppur,Dharapuram,Kolathupalayam,"10°44'32""","77°36'38""",10-07-2023,546,82,32,29,97,20,96,120,0,140,1.43,7.9,870,200,2.969848481,--,54.31803034
63505,Dug Well,Tiruppur,Dharapuram,Dhalavaipattinam,"10°40'25""","77°29'00""",10-07-2023,310,3,18,30,41,16,53,63,0,171,1.27,8,560,170,1.38053698,--,39.48625644
HP2ETR24 A,Bore Well,Tiruppur,Dharapuram,Kallivalasu,"10°37'58""","77°25'54""",10-07-2023,436,5,22,43,64,12,28,149,0,226,1.69,8.2,760,230,1.846265326,--,40.05019863
63501,Dug Well,Tiruppur,Dharapuram,Munduvellampatti,"10°42'30""","77°19'40""",10-07-2023,1389,384,36,100,225,70,347,135,0,183,1.3,8,2190,500,4.382693236,--,53.65367899
HP2ETR25 A,Bore Well,Tiruppur,Dharapuram,Thoppampatti,"10°46'52""","77°27'47""",10-07-2023,1378,100,88,92,205,55,390,405,0,85,0.83,8,2230,600,3.633409785,--,46.35839796
63523,Dug Well,Tiruppur,Dharapuram,Kilangundal,"10°45'05""","77°43'35""",10-07-2023,2120,126,48,112,469,133,837,273,6,232,0.74,8.3,3530,580,8.470638945,--,67.26239425
HP2ETR27,Bore Well,Tiruppur,Dharapuram,Thurambadi,"10°51'05""","77°40'30""",10-07-2023,269,11,20,21,41,16,50,18,12,159,0.43,8.5,490,135,1.549193338,0.3,44.61141975
63536,Dug Well,Tiruppur,Dharapuram,Erasinampalayam,"10°50'40""","77°44'30""",10-07-2023,980,192,24,73,193,27,227,101,12,262,2.04,8.3,1630,360,4.427188724,--,55.83517551
HP2ETR29,Bore Well,Tiruppur,Dharapuram,Velampoondi,"10°48'40""","77°52'15""",10-07-2023,609,8,20,39,127,27,149,117,0,244,1.42,8,1030,210,3.795360576,--,59.68179163
63510,Dug Well,Tiruppur,Dharapuram,Periyakumarapalayam,"10°46'15""","77°18'50""",10-07-2023,1266,244,64,73,244,35,347,131,0,256,0.77,8.1,2030,460,4.942275484,--,55.60782155
63533,Dug Well,Tiruppur,Dharapuram,sirukinar,"10°50'20""","77°33'05""",10-07-2023,822,183,22,49,159,43,152,104,12,195,1.81,8.4,1290,255,4.320947608,--,61.03036909
MWSETR13,Bore Well,Tiruppur,Dharapuram,Sankarandampalayam,"10°48'55""","77°36'24""",10-07-2023,1438,87,32,83,315,63,404,304,12,275,1.69,8.5,2350,420,6.6849155,--,64.55835742
63540,Dug Well,Tiruppur,Kangayam,Kadaiyur,"10°59'05""","77°36'30""",10-07-2023,842,30,64,27,198,20,404,38,0,122,0.51,8,1450,270,5.233793327,--,62.75376175
63576,Dug Well,Tiruppur,Kangayam,Sivanmalai,"11°02'15""","77°31'40""",10-07-2023,1061,141,40,80,189,43,397,98,0,146,0.5,8.1,1780,430,3.954391142,--,52.12525655
63532,Dug Well,Tiruppur,Kangayam,Uthiyur,"10°53'40""","77°31'40""",10-07-2023,1307,228,56,88,235,47,397,164,0,183,0.61,8.1,2130,500,4.561578674,--,53.28080991
HP2ETR21,Bore Well,Tiruppur,Kangayam,Uthiyur,"10°53'20""","77°31'45""",10-07-2023,1176,182,56,78,214,39,355,127,0,250,0.57,8.2,1930,460,4.336147358,--,52.842612
63542,Dug Well,Tiruppur,Kangayam,Vellakoil,"10°56'40""","77°42'55""",10-07-2023,1194,103,16,80,285,31,447,107,12,226,0.66,8.5,2020,370,6.446453037,--,64.18289907
HP2CTR04,Bore Well,Tiruppur,Avinashi,Thathanur,"11°18'20""","77°16'40""",10-07-2023,88,21,8,6,12,4,7,2,6,43,0.89,8.5,140,45,0.745355992,--,41.16787998
HP2CTR02,Bore Well,Tiruppur,Avinashi,Sevur,"11°14'50""","77°14'30""",10-07-2023,985,185,36,63,179,47,284,81,0,220,1.15,8,1600,350,4.169275374,--,56.33510678
63355,Dug Well,Tiruppur,Tiruppur,Kandiyankovil,"11°00'50""","77°28'10""",10-07-2023,322,102,28,27,30,12,53,21,0,98,0.33,7.8,510,180,0.96896279,--,30.8411125
HP2CTR19,Bore Well,Tiruppur,Tiruppur,Veerapandi,"11°04'45""","77°21'00""",10-07-2023,52,5,6,4,5,4,7,2,0,37,0.03,7.8,90,30,0.365148372,--,33.7384902
HP2CTR20,Bore Well,Tiruppur,Tiruppur,Neruperichal,"11°09'00""","77°23'15""",10-07-2023,253,22,16,12,53,12,35,23,0,159,0.87,8.1,440,90,2.424412873,0.8,59.41607566
63357,Dug Well,Tiruppur,Tiruppur,Neruperichal,"11°09'00""","77°14'15""",10-07-2023,298,18,20,22,48,16,43,24,0,214,0.78,8.1,530,140,1.774823935,0.7,47.10238376
63334,Dug Well,Tiruppur,Avinashi,Avinashi TB,"11°11'17""","77°16'18""",10-07-2023,802,83,8,50,184,43,124,96,12,403,1.04,8.6,1350,225,5.333333333,2.5,66.91920905
63341,Dug Well,Tiruppur,Avinashi,Ramanathapuram,"11°13'06""","77°11'24""",10-07-2023,85,6,8,7,9,4,25,4,0,43,0.06,8,140,50,0.565685425,--,33.63868063
63344,Bore Well,Tiruppur,Tiruppur,Eettiveerampalayam,"11°12'15""","77°20'95""",10-07-2023,1510,186,28,102,260,145,525,111,0,305,0.2,7.8,2470,490,5.104819651,--,60.60032691
63360,Bore Well,Tiruppur,Tiruppur,Abisekhapuram,"11°16'01""","77°21'53""",10-07-2023,59,9,6,4,7,4,7,6,0,31,0.13,7.8,90,30,0.547722558,--,39.30810601
HP2ETR22,Bore Well,Tiruppur,Dharapuram,Periyakumarapalayam,10°27?45?,77°11?07?,10-07-2023,2769,735,80,136,430,285,695,283,0,250,0.8,8.1,4140,760,6.783202939,--,63.17351719
63569,Bore Well,Tiruppur,Kangeyam,Nathakadaiyur,11°05?14?,77°39?46?,10-07-2023,451,11,12,47,81,20,92,36,18,268,1.4,8.6,840,225,2.333333333,0.5,47.52989981
HP2ETR10 A,Bore Well,Tiruppur,Kangeyam,Poomandavalasu,11°04?50?,77°33?28?,10-07-2023,472,4,40,52,64,8,142,9,0,305,0.5,8.2,920,315,1.577621275,--,32.2959068
HP2ETR12,Bore Well,Tiruppur,Kangeyam,Rasattavalasu,11°02?11?,77°42?47?,10-07-2023,506,48,20,44,78,31,103,72,12,195,1.48,8.4,850,230,2.24189361,--,47.59738061
MWSETR06,Bore Well,Tiruppur,Uthukuli,Virumandampalayam,11°12?45?,77°23?44?,10-07-2023,693,148,32,54,110,27,170,45,0,214,0.66,8.2,1140,300,2.771281292,--,47.5951575
53271,Dug Well,Tiruppur,Uthukuli,Thalapathi,11°13?45?,77°25?03?,10-07-2023,737,6,12,50,179,39,156,78,12,409,1.6,8.5,1320,235,5.08815897,2.4,65.1415855
53260,Dug Well,Tiruppur,Uthukuli,Reddipalayam,11°10?32?,77°27?34?,10-07-2023,1195,171,28,71,271,31,383,130,18,183,0.56,8.3,1970,360,6.219146065,--,63.52801984
53261,Dug Well,Tiruppur,Uthukuli,Sarkarperiapalayam,11°07?50?,77°24?14?,10-07-2023,546,37,10,28,129,35,152,64,24,134,0.88,8.8,910,140,4.732863826,0.2,69.94185902
HP II-03,Bore Well,Tiruppur,Avinashi,Rakkiyapalayam,11°09?36?,77°17?09?,10-07-2023,1683,192,60,117,336,66,737,56,0,238,0.1,8.1,2870,630,5.816779232,--,56.41557084
63347,Dug Well,Tiruppur,Tiruppur,Nallur,11°06?52?,77°23?29?,10-07-2023,739,124,24,45,150,31,202,71,0,183,0.36,7.7,1200,245,4.152697672,--,59.94031393
63418,Dug Well,Tiruppur,Tiruppur,Semmandapalayam,10°55?25?,77°24?35?,10-07-2023,51,12,8,2,5,4,7,1,0,24,0.12,8,90,30,0.365148372,--,36.17962174
63830,Dug Well,Tiruppur,Udumalpet,Kuralkutti,"10°32'35""","77°15'00""",11-07-2023,63,7,4,7,7,4,7,2,0,49,0.15,6.6,110,40,0.474341649,1.11022E-16,34.44956703
63806,Dug Well,Tiruppur,Madathukulam,Kongalnagaram,"10°40'35""","77°12'05""",11-07-2023,42,3,4,2,5,4,7,5,0,24,0.21,6.8,70,20,0.447213595,--,46.76422246
63824,Dug Well,Tiruppur,Madathukulam,Poolavadi,10°44?26?,77°18?32?,11-07-2023,60,8,4,6,7,4,7,5,0,37,0.28,7.2,100,35,0.507092553,--,37.02021436
63820,Bore Well,Tiruppur,Madathukulam,Thungavi,"10°37'34""","77°19'46""",13-07-2023,56,1,4,5,7,4,7,6,0,43,0.15,7.8,100,30,0.547722558,0.1,40.0054446
63801,Dug Well,Tiruppur,Madathukulam,Ramachandrapuram,"10°43'30""","77°10'35""",14-07-2023,1228,3,120,103,138,31,255,422,0,311,0.25,6.6,2110,725,2.228344058,--,31.98818528
63817A,Dug Well,Tiruppur,Madathukulam,Komaralingam,"10°29'17""","77°21'19""",14-07-2023,61,7,6,6,5,4,4,4,0,49,1.27,6.6,110,40,0.316227766,--,28.76240556
63826,Dug Well,Tiruppur,Madathukulam,Kaniyur,"10°36'16""","77°22'42""",14-07-2023,57,1,4,6,7,4,7,6,0,43,0.17,7.1,100,35,0.507092553,--,37.02021436
